{"cameraMode":{"drawMode":0,"name":"Shaded","section":"Shading Mode"},"sceneLighting":true,"audioPlay":false,"sceneViewState":{"m_AlwaysRefresh":false,"showFog":true,"showSkybox":true,"showFlares":true,"showImageEffects":true,"showParticleSystems":true,"showVisualEffectGraphs":true,"m_FxEnabled":true},"in2DMode":false,"pivot":{"x":0.08261379599571228,"y":-4.70977783203125,"z":22.032629013061525},"rotation":{"x":-0.13043628633022309,"y":-0.0008965807501226664,"z":0.00011644401820376515,"w":-0.9914492964744568},"size":12.12435531616211,"orthographic":false}