{"cameraMode":{"drawMode":0,"name":"Shaded","section":"Shading Mode"},"sceneLighting":true,"audioPlay":false,"sceneViewState":{"m_AlwaysRefresh":false,"showFog":true,"showSkybox":true,"showFlares":true,"showImageEffects":true,"showParticleSystems":true,"showVisualEffectGraphs":true,"m_FxEnabled":true},"in2DMode":false,"pivot":{"x":15.561688423156739,"y":-6.444016456604004,"z":16.697446823120118},"rotation":{"x":-0.18014535307884217,"y":-0.47336339950561526,"z":0.09956090152263642,"w":-0.8564745187759399},"size":13.343610763549805,"orthographic":false}